url,title,price
https://evergreenadventure.com.my/shop/freelife-frt-216spe-6-men-tent-single-layer/,FREELIFE FRT 216(SPE) 6 MEN TENT (SINGLE LAYER),RM0.00
https://evergreenadventure.com.my/shop/goal-zero-nomad-5/,GOAL ZERO NOMAD 5,RM189.00
https://evergreenadventure.com.my/shop/goal-zero-yeti-200x-lithium/,GOAL ZERO YETI 200X LITHIUM,RM126.01
https://evergreenadventure.com.my/shop/goal-zero-lighthouse-micro-flash-gz-32005/,GOAL ZERO LIGHTHOUSE MICRO FLASH (GZ-32005),RM299.00
https://evergreenadventure.com.my/shop/goal-zero-lighthouse-micro-charge-gz-32008/,GOAL ZERO LIGHTHOUSE MICRO CHARGE (GZ-32008),RM2|199.00
https://evergreenadventure.com.my/shop/led-lenser-d14-daylight-yellow/,LED LENSER D14 DAYLIGHT YELLOW,RM139.00
https://evergreenadventure.com.my/shop/led-lenser-ml4/,LED LENSER ML4,RM169.00
https://evergreenadventure.com.my/shop/led-lenser-ml6-led-lenser-ml6-in-gift-box/,LED LENSER ML6- LED LENSER ML6 IN GIFT BOX,RM305.00
https://evergreenadventure.com.my/shop/led-lenser-p4-core/,LED LENSER P4 CORE,RM274.50
https://evergreenadventure.com.my/shop/led-lenser-p3-core/,LED LENSER P3 CORE,RM198.00
https://evergreenadventure.com.my/shop/graphic-tee-c/,GRAPHIC TEE C,RM178.20
https://evergreenadventure.com.my/shop/graphic-tee-b/,GRAPHIC TEE B,RM458.00
https://evergreenadventure.com.my/shop/graphic-tee-a/,GRAPHIC TEE A,RM412.20
https://evergreenadventure.com.my/shop/interlock-cotton-round-neck-set/,INTERLOCK + COTTON ROUND NECK SET,RM138.00
https://evergreenadventure.com.my/shop/polo-design-round-neck-set/,POLO DESIGN + ROUND NECK SET,RM124.20
https://evergreenadventure.com.my/shop/cotton-collar-round-neck-set/,COTTON COLLAR + ROUND NECK SET,RM88.00
https://evergreenadventure.com.my/shop/round-neck-short-sleeve-cvc-cotton-set/,ROUND NECK SHORT SLEEVE (CVC + COTTON) SET,RM79.20
https://evergreenadventure.com.my/shop/round-neck-long-sleeve-short-sleeve-set/,ROUND NECK LONG SLEEVE + SHORT SLEEVE SET,RM35.00
https://evergreenadventure.com.my/shop/round-neck-long-sleeve/,ROUND NECK LONG SLEEVE,RM17.50
https://evergreenadventure.com.my/shop/polo-shirt-collar-200/,POLO SHIRT COLLAR-200,RM30.00
https://evergreenadventure.com.my/shop/petzl-p50a-rescue-pulley/,PETZL P50A RESCUE PULLEY,RM15.00
https://evergreenadventure.com.my/shop/petzl-p22as-power-crunch-200g/,PETZL P22AS POWER CRUNCH (200G),RM30.00
https://evergreenadventure.com.my/shop/petzl-m37-tl-omni-triact-lock/,PETZL M37 TL OMNI TRIACT LOCK,RM15.00
https://evergreenadventure.com.my/shop/petzl-m37-sl-omni-screw-lock/,PETZL M37 SL OMNI SCREW LOCK,RM32.00
https://evergreenadventure.com.my/shop/petzl-m36tl-william-triact-lock/,PETZL M36TL WILLIAM TRIACT-LOCK,RM12.90
https://evergreenadventure.com.my/shop/petzl-c68-ouistiti-seat-harness/,PETZL C68 OUISTITI SEAT HARNESS,RM46.00
https://evergreenadventure.com.my/shop/petzl-c65-simba-seat-harness/,PETZL C65 SIMBA SEAT HARNESS,RM12.90
https://evergreenadventure.com.my/shop/petzl-c40a-60-anneau-sling-60cm-yellow/,PETZL C40A-60 ANNEAU SLING 60cm (YELLOW),RM41.00
https://evergreenadventure.com.my/shop/petzl-c40a-120-anneau-sling-120cm-green/,PETZL C40A-120 ANNEAU SLING 120cm (GREEN),RM12.90
https://evergreenadventure.com.my/shop/petzl-c40-11-express-sling/,PETZL C40-11 EXPRESS SLING,RM32.00
https://evergreenadventure.com.my/shop/tribord-tribord-lampe-torche-diving-light/,TRIBORD TRIBORD LAMPE TORCHE DIVING LIGHT,RM12.90
https://evergreenadventure.com.my/shop/seapro-j-tube/,SEAPRO J-TUBE,RM33.00
https://evergreenadventure.com.my/shop/seac-salina-combo-9461-yellow/,SEAC SALINA COMBO 9461 YELLOW,RM12.90
https://evergreenadventure.com.my/shop/seac-salina-combo-9461-blue/,SEAC SALINA COMBO 9461 BLUE,RM12.00
https://evergreenadventure.com.my/shop/seac-salina-combo-9458-blue/,SEAC SALINA COMBO 9458 BLUE,RM14.00
https://evergreenadventure.com.my/shop/national-geographic-tunny-6-jr-wd-combo-black/,NATIONAL GEOGRAPHIC TUNNY 6 JR WD COMBO BLACK,RM15.00
https://evergreenadventure.com.my/shop/national-geographic-tuna-2-s-jr-combo-yellow-2/,NATIONAL GEOGRAPHIC TUNA 2 S JR COMBO YELLOW,RM18.00
https://evergreenadventure.com.my/shop/national-geographic-tuna-2-s-jr-combo-blue/,NATIONAL GEOGRAPHIC TUNA 2 S JR COMBO BLUE,RM504.90
https://evergreenadventure.com.my/shop/national-geographic-swrdfsh-6s-combo-yellow/,NATIONAL GEOGRAPHIC SWRDFSH 6S COMBO YELLOW,RM378.68
https://evergreenadventure.com.my/shop/national-geographic-swrdfsh-6s-combo-black/,NATIONAL GEOGRAPHIC SWRDFSH 6S COMBO BLACK,RM79.70
